{
    "nominal": [
        [
            0.9872231686541738,
            0.0034071550255536627,
            0.009369676320272573
        ],
        [
            0.024793388429752067,
            0.9118457300275482,
            0.06336088154269973
        ],
        [
            0.012048192771084338,
            0.06827309236947791,
            0.9196787148594378
        ]
    ],
    "lumi_down": [
        [
            0.9902120717781403,
            0.0016313213703099511,
            0.008156606851549755
        ],
        [
            0.023952095808383235,
            0.9041916167664671,
            0.0718562874251497
        ],
        [
            0.008849557522123894,
            0.07964601769911504,
            0.911504424778761
        ]
    ],
    "lumi_up": [
        [
            0.983957219251337,
            0.0053475935828877,
            0.0106951871657754
        ],
        [
            0.025510204081632654,
            0.9183673469387755,
            0.05612244897959184
        ],
        [
            0.014705882352941176,
            0.058823529411764705,
            0.9264705882352942
        ]
    ]
}